[{"model": "admin.logentry", "pk": 1, "fields": {"action_time": "2022-05-24T13:24:34.261Z", "user": 1, "content_type": 7, "object_id": "1", "object_repr": "supercazzola.example.com", "action_flag": 2, "change_message": "[{\"changed\": {\"fields\": [\"Domain name\", \"Display name\"]}}]"}}, {"model": "admin.logentry", "pk": 2, "fields": {"action_time": "2022-05-24T13:33:45.429Z", "user": 1, "content_type": 8, "object_id": "1", "object_repr": "admin@email.com", "action_flag": 2, "change_message": "[{\"changed\": {\"fields\": [\"Verified\", \"Primary\"]}}]"}}, {"model": "admin.logentry", "pk": 3, "fields": {"action_time": "2022-05-26T08:41:12.338Z", "user": 1, "content_type": 13, "object_id": "1", "object_repr": "white", "action_flag": 1, "change_message": "[{\"added\": {}}]"}}, {"model": "admin.logentry", "pk": 4, "fields": {"action_time": "2022-05-26T08:46:53.048Z", "user": 1, "content_type": 14, "object_id": "1", "object_repr": "Adam Fume", "action_flag": 1, "change_message": "[{\"added\": {}}]"}}, {"model": "admin.logentry", "pk": 5, "fields": {"action_time": "2022-05-26T08:47:44.472Z", "user": 1, "content_type": 13, "object_id": "2", "object_repr": "red", "action_flag": 1, "change_message": "[{\"added\": {}}]"}}, {"model": "admin.logentry", "pk": 6, "fields": {"action_time": "2022-05-26T08:49:33.489Z", "user": 1, "content_type": 14, "object_id": "2", "object_repr": "Elgin Ridge 282 Sauvignon Blanc 2017", "action_flag": 1, "change_message": "[{\"added\": {}}]"}}, {"model": "admin.logentry", "pk": 7, "fields": {"action_time": "2022-05-26T08:49:58.730Z", "user": 1, "content_type": 14, "object_id": "1", "object_repr": "Adam Fume 2019", "action_flag": 2, "change_message": "[{\"changed\": {\"fields\": [\"Name\"]}}]"}}, {"model": "admin.logentry", "pk": 8, "fields": {"action_time": "2022-05-26T08:52:32.287Z", "user": 1, "content_type": 14, "object_id": "3", "object_repr": "Alphabetical ‘Vin Blanc’ White 2018", "action_flag": 1, "change_message": "[{\"added\": {}}]"}}, {"model": "admin.logentry", "pk": 9, "fields": {"action_time": "2022-05-26T08:56:45.297Z", "user": 1, "content_type": 14, "object_id": "4", "object_repr": "Bringing Back the Joy Sauvignon Blanc 2020", "action_flag": 1, "change_message": "[{\"added\": {}}]"}}, {"model": "admin.logentry", "pk": 10, "fields": {"action_time": "2022-05-26T08:58:24.157Z", "user": 1, "content_type": 13, "object_id": "3", "object_repr": "rose", "action_flag": 1, "change_message": "[{\"added\": {}}]"}}, {"model": "admin.logentry", "pk": 11, "fields": {"action_time": "2022-05-26T08:58:38.303Z", "user": 1, "content_type": 14, "object_id": "5", "object_repr": "Van Loggerenberg ‘Break a Leg’ Blanc de Noir 2021", "action_flag": 1, "change_message": "[{\"added\": {}}]"}}, {"model": "admin.logentry", "pk": 12, "fields": {"action_time": "2022-05-26T09:00:25.136Z", "user": 1, "content_type": 14, "object_id": "6", "object_repr": "Full Moon Grenache 2019", "action_flag": 1, "change_message": "[{\"added\": {}}]"}}, {"model": "admin.logentry", "pk": 13, "fields": {"action_time": "2022-05-26T11:15:57.835Z", "user": 1, "content_type": 14, "object_id": "6", "object_repr": "Full Moon Grenache 2019", "action_flag": 2, "change_message": "[{\"changed\": {\"fields\": [\"Alc\"]}}]"}}, {"model": "admin.logentry", "pk": 14, "fields": {"action_time": "2022-05-26T11:48:51.039Z", "user": 1, "content_type": 14, "object_id": "7", "object_repr": "Test", "action_flag": 1, "change_message": "[{\"added\": {}}]"}}, {"model": "admin.logentry", "pk": 15, "fields": {"action_time": "2022-05-31T15:27:06.684Z", "user": 1, "content_type": 14, "object_id": "8", "object_repr": "Grenache 2021", "action_flag": 1, "change_message": "[{\"added\": {}}]"}}, {"model": "admin.logentry", "pk": 16, "fields": {"action_time": "2022-05-31T15:30:08.015Z", "user": 1, "content_type": 14, "object_id": "9", "object_repr": "Jikken Bareru Chenin Blanc 2021", "action_flag": 1, "change_message": "[{\"added\": {}}]"}}, {"model": "admin.logentry", "pk": 17, "fields": {"action_time": "2022-06-01T08:20:04.084Z", "user": 1, "content_type": 13, "object_id": "4", "object_repr": "orange", "action_flag": 1, "change_message": "[{\"added\": {}}]"}}, {"model": "admin.logentry", "pk": 18, "fields": {"action_time": "2022-06-01T08:23:59.432Z", "user": 1, "content_type": 14, "object_id": "10", "object_repr": "Baby Bandito Stay Brave", "action_flag": 1, "change_message": "[{\"added\": {}}]"}}, {"model": "admin.logentry", "pk": 19, "fields": {"action_time": "2022-06-02T11:16:46.634Z", "user": 1, "content_type": 15, "object_id": "1", "object_repr": "013F0A467F3146419838F22A874F5F88", "action_flag": 3, "change_message": ""}}, {"model": "admin.logentry", "pk": 20, "fields": {"action_time": "2022-06-03T09:24:24.623Z", "user": 1, "content_type": 15, "object_id": "18", "object_repr": "FB6B2B43904C45C998D0327008D41290", "action_flag": 3, "change_message": ""}}, {"model": "admin.logentry", "pk": 21, "fields": {"action_time": "2022-06-03T09:24:24.637Z", "user": 1, "content_type": 15, "object_id": "17", "object_repr": "93DE2B947FD54F82B954BE808BFFAFCA", "action_flag": 3, "change_message": ""}}, {"model": "admin.logentry", "pk": 22, "fields": {"action_time": "2022-06-03T09:24:24.641Z", "user": 1, "content_type": 15, "object_id": "16", "object_repr": "98ED33989904455C85583873AE12CC8E", "action_flag": 3, "change_message": ""}}, {"model": "admin.logentry", "pk": 23, "fields": {"action_time": "2022-06-03T09:24:24.643Z", "user": 1, "content_type": 15, "object_id": "15", "object_repr": "D3C5A591BA4C44A1BAE4E66433BE1741", "action_flag": 3, "change_message": ""}}, {"model": "admin.logentry", "pk": 24, "fields": {"action_time": "2022-06-03T09:24:24.644Z", "user": 1, "content_type": 15, "object_id": "14", "object_repr": "A8966FA13F544DC5A6282DB5C135C9EA", "action_flag": 3, "change_message": ""}}, {"model": "admin.logentry", "pk": 25, "fields": {"action_time": "2022-06-03T09:24:24.647Z", "user": 1, "content_type": 15, "object_id": "13", "object_repr": "6A6CC9CC97A84D02982468944166D34A", "action_flag": 3, "change_message": ""}}, {"model": "admin.logentry", "pk": 26, "fields": {"action_time": "2022-06-03T09:24:24.649Z", "user": 1, "content_type": 15, "object_id": "12", "object_repr": "5C70EB524B2F4E2483DDBBC1AB8A6087", "action_flag": 3, "change_message": ""}}, {"model": "admin.logentry", "pk": 27, "fields": {"action_time": "2022-06-03T09:24:24.653Z", "user": 1, "content_type": 15, "object_id": "11", "object_repr": "823B4225931D4396B43F82107E4EFD3C", "action_flag": 3, "change_message": ""}}, {"model": "admin.logentry", "pk": 28, "fields": {"action_time": "2022-06-03T09:24:24.656Z", "user": 1, "content_type": 15, "object_id": "10", "object_repr": "D514128AB6E649879D90930FD3C4E5B5", "action_flag": 3, "change_message": ""}}, {"model": "admin.logentry", "pk": 29, "fields": {"action_time": "2022-06-03T09:24:24.658Z", "user": 1, "content_type": 15, "object_id": "9", "object_repr": "50FDFACE6D22468E80DBF650FDE8B036", "action_flag": 3, "change_message": ""}}, {"model": "admin.logentry", "pk": 30, "fields": {"action_time": "2022-06-03T09:24:24.659Z", "user": 1, "content_type": 15, "object_id": "8", "object_repr": "185274EFA18745A18C606D7B2E534426", "action_flag": 3, "change_message": ""}}, {"model": "admin.logentry", "pk": 31, "fields": {"action_time": "2022-06-03T09:24:24.661Z", "user": 1, "content_type": 15, "object_id": "7", "object_repr": "7AB8EF9D40254C95A77A0650AC22FB0D", "action_flag": 3, "change_message": ""}}, {"model": "admin.logentry", "pk": 32, "fields": {"action_time": "2022-06-03T09:24:24.663Z", "user": 1, "content_type": 15, "object_id": "6", "object_repr": "D146DD2BAD0F4C8698904D0510A1A708", "action_flag": 3, "change_message": ""}}, {"model": "admin.logentry", "pk": 33, "fields": {"action_time": "2022-06-03T09:24:24.664Z", "user": 1, "content_type": 15, "object_id": "5", "object_repr": "74F982F5CA8941F0B5E8A577AF1ED938", "action_flag": 3, "change_message": ""}}, {"model": "admin.logentry", "pk": 34, "fields": {"action_time": "2022-06-03T09:24:24.666Z", "user": 1, "content_type": 15, "object_id": "4", "object_repr": "AA5E36DA07704277ACFF52CDE615F74C", "action_flag": 3, "change_message": ""}}, {"model": "admin.logentry", "pk": 35, "fields": {"action_time": "2022-06-03T09:24:24.667Z", "user": 1, "content_type": 15, "object_id": "3", "object_repr": "60A804D98AF04C66B802E16291D75BF8", "action_flag": 3, "change_message": ""}}, {"model": "admin.logentry", "pk": 36, "fields": {"action_time": "2022-06-03T09:24:24.669Z", "user": 1, "content_type": 15, "object_id": "2", "object_repr": "FCFB6700C6934C3BA8336DB0972E7379", "action_flag": 3, "change_message": ""}}, {"model": "admin.logentry", "pk": 37, "fields": {"action_time": "2022-06-05T13:37:41.472Z", "user": 1, "content_type": 4, "object_id": "3", "object_repr": "admin1", "action_flag": 3, "change_message": ""}}, {"model": "admin.logentry", "pk": 38, "fields": {"action_time": "2022-06-05T13:37:41.474Z", "user": 1, "content_type": 4, "object_id": "2", "object_repr": "vikman", "action_flag": 3, "change_message": ""}}, {"model": "auth.user", "pk": 1, "fields": {"password": "pbkdf2_sha256$260000$KuReQROlDAGRzDdRl8vGS3$P1iBF5IWZg8UZc02Xj7cKRBK8BRL3ElPr6j0QzVA4dM=", "last_login": "2022-06-07T14:34:31.811Z", "is_superuser": true, "username": "admin", "first_name": "", "last_name": "", "email": "admin@email.com", "is_staff": true, "is_active": true, "date_joined": "2022-05-24T13:06:44.961Z", "groups": [], "user_permissions": []}}, {"model": "auth.user", "pk": 4, "fields": {"password": "pbkdf2_sha256$260000$elLtpHcrzcFShrPnhyOVbP$7HeH02LmwA5gLfu+/AOtxXt8mSduJ+hzrJABxjRyjZo=", "last_login": null, "is_superuser": false, "username": "vikma", "first_name": "", "last_name": "", "email": "viktoria.mahrberg@gmail.com", "is_staff": false, "is_active": true, "date_joined": "2022-06-05T18:42:44.858Z", "groups": [], "user_permissions": []}}, {"model": "sessions.session", "pk": "0h1zucyz1c91soy2d634cqdyhgtr6u2j", "fields": {"session_data": "e30:1nxmKy:O2Am74klQYQ5MaI7jkRE7rpwAO8pf90gaFCFowXY1GQ", "expire_date": "2022-06-19T09:14:20.621Z"}}, {"model": "sessions.session", "pk": "9pyoiontbtyag0aj2qvo875pygw9wa5p", "fields": {"session_data": "e30:1nxmLK:-UGphmUFwJJVyHnudJNl8XpopfUP0Xgxupb0_VB5mSc", "expire_date": "2022-06-19T09:14:42.726Z"}}, {"model": "sessions.session", "pk": "add0es027yuc7fsoply91khx97ir420c", "fields": {"session_data": "e30:1nxokd:xiKaSLiosgvsASCNjK9SY8mhGwlfXgf9mF7AH2FoALA", "expire_date": "2022-06-19T11:48:59.717Z"}}, {"model": "sessions.session", "pk": "bho5082st4324mi1fkxejx68icevz4vp", "fields": {"session_data": "e30:1nxnjZ:Y2Dr756UHfW-z7FifAXduc78wcHwgg6Pok33610RuP4", "expire_date": "2022-06-19T10:43:49.987Z"}}, {"model": "sessions.session", "pk": "f380se10cddw1w60ncwgk1quydnfe7do", "fields": {"session_data": ".eJxVjMsOwiAQRf-FtSEdCmXo0r3fQHhMLWrAQJtojP-uTbrQ7T3nnhezbl1muzaqNkU2MmCH3827cKW8gXhx-Vx4KHmpyfNN4Ttt_FQi3Y67-xeYXZu_b6WkQYcTCBMjDoI6KaaghVEAUnndy0BmkCh6YzT6oQMA74RHpCAJ9BZt1Foq2dLjnuqTjd37Az-VPdY:1ntUfj:S-yv9NX_5Oq7FdBvuf9R0KrjbWvdtuAD62zzeR2UKd8", "expire_date": "2022-06-07T13:34:03.334Z"}}, {"model": "sessions.session", "pk": "kl7ew1k389nekslf0jka94yh1l4plcl3", "fields": {"session_data": "eyJzYXZlX2luZm8iOmZhbHNlfQ:1nxoNA:_4J7q4F1J7E_6nD1OKpHGmFTb9frcPtjZZSKKO7jLb4", "expire_date": "2022-06-19T11:24:44.487Z"}}, {"model": "sessions.session", "pk": "n1jnhhudr160j4f5fqbcz1x1zo7g7dou", "fields": {"session_data": "e30:1nxmaZ:DRlHgH33XjcazDgQfnMETv6iPdaLLfbLmsxnlbGDdeo", "expire_date": "2022-06-19T09:30:27.191Z"}}, {"model": "sessions.session", "pk": "nyq9ozjnhxbl52q02lqn8lv0baai4uzg", "fields": {"session_data": ".eJxVjMsOgjAURP_lrhvC7btduvcbmj6ughowFBIN4d8F48bNLGbOnBVSvIJfgYPnhgGCRwYKvGCgwWsG5ptib8TGIMRl7sJSaQp9Ab_zf12K-U7DMZRbHK5jk8dhnvrUHEjzW2tzHgs9Tj_2T9DF2u1vpaSz0V6Qu1Ks5tRKfsmGO4UoVTJCZnJaWi6cMzbpFhFT5MlaypLQHNJKtfbjEOj17Kc3-Hb7AECBR0k:1nvzkG:Jue5fEhkIIn6FlpJ6DhGzJu7MzPErAMYX5OyX9_-P8M", "expire_date": "2022-06-14T11:09:04.098Z"}}, {"model": "sessions.session", "pk": "oht6st8ikqpgw7gzaugf6hn164gv7oco", "fields": {"session_data": ".eJxVjMsOgyAUBf_lrg0RBASW3fcbCI-r0jbQiCZtjP_emrhot2fmzAbWrctk14qzTREMUGh-N-_CHfMB4s3lsZBQ8jInTw6FnLSSa4n4uJzuX2Bydfq-heBaOTVQpmNUkmHL2RB6pgWlXPi-4wG15Ip1WvfKy5ZS6h3zSmHgSPsjWrHWVLLF1zPNbzBtA96NYDZgYGQDEgzb9w9CrUKa:1nusOn:bA0FU7pKkhRxCz8cHpbLA69ol6FfUC3EEpXLmzzR2Q8", "expire_date": "2022-06-11T09:06:17.526Z"}}, {"model": "sessions.session", "pk": "ojwupno358tj809hu0ht23iu8cgnsv61", "fields": {"session_data": "e30:1nxnt8:QzTTF48OwK5VzHBALBvSrk4J2XIB2W9YevVgA3drmoE", "expire_date": "2022-06-19T10:53:42.545Z"}}, {"model": "sessions.session", "pk": "rlewmsyntr76jumzpljgbhosgc80apcl", "fields": {"session_data": "e30:1nxmSA:4iAivO-p9ZiL7iJfbnF7-uCYoemk-EU8iPjnLyBz0GE", "expire_date": "2022-06-19T09:21:46.156Z"}}, {"model": "sessions.session", "pk": "t88csq4f6rpciarld2b99a7gm9kidmus", "fields": {"session_data": "e30:1nxorh:pJgCR2fHhNY33m6cqnodQFlyi1O4Ust4yGgW6NbpDkM", "expire_date": "2022-06-19T11:56:17.566Z"}}, {"model": "sessions.session", "pk": "ubi4gd9tz12yearqjv94q5n96eh38au7", "fields": {"session_data": ".eJxVjEsKg0AQRO_SaxF7nP8y-5xhmE8bJwkaHIUE8e5RcOOqoOrVWyH4B9gVBNi2AgkWWQVsj60C55e5d0uhyeUEFhAuXfDxRcMxpKcfHmMdx2GecqgPpD7XUt_HRO_byV4EvS_9_haCG-11h8ykpCWjhrMuKmYEIhdBtTySkVyz1hilg2wQMXgWtKbICdUhLVRKHgdH30-efmCb7Q8a9kPY:1nuwvv:2mcKrXcTJ13tuxYRYiOoHWbSOSTwHh430pza0gQRCDg", "expire_date": "2022-06-11T13:56:47.002Z"}}, {"model": "sessions.session", "pk": "x19tdtnszqwokyk9wg4r6qtq55ss1398", "fields": {"session_data": "e30:1nxqFP:zRjZZ0iXoo_GiCGw4f8jHfFBxm6ucpFd7TP_brYG8_U", "expire_date": "2022-06-19T13:24:51.498Z"}}, {"model": "sessions.session", "pk": "x37eh4egw5tfkw7xkfbwkuzfhy34ugef", "fields": {"session_data": ".eJxVjMsOgjAQRf9l1qZhSksfS_d-Q9PHAFVTDIVEQ_h3JXHD9p5zzwbBD2A34GBxv4Dz6zK6tdLscgILCKct-PigcoB092WYWJzKMufADoX9aWW3KdHz-ndPgdHX8feWUhjtdY_cpKQ7To3gfVTcSEQhg2pFJNMJzVtjlA5dg4jB86A1RUGojmilWvNUHL1fef6AbfYvHVpBgw:1nyaox:rmxou6Ht0E4U3HKRJRCKdWK9okD0AnJZJx7dJduHE9g", "expire_date": "2022-06-21T15:08:39.991Z"}}, {"model": "sessions.session", "pk": "yo3cbx1xhydy0v8mhfmd4wh7tf9iv22c", "fields": {"session_data": "e30:1nxpa2:cD5l6FIQo-RCl2GE-tsrdtM66ra3FJYPX7UrnKywUo0", "expire_date": "2022-06-19T12:42:06.053Z"}}, {"model": "sessions.session", "pk": "yzaalzmrg3unzg6p6buxxbwadaz0yazd", "fields": {"session_data": "e30:1nxmKo:lXhTUAo2TCpJjUyIZRmwGuxPD9b8AoFv-_3K0dpKYKs", "expire_date": "2022-06-19T09:14:10.727Z"}}, {"model": "sessions.session", "pk": "z5mbhvl9mbwwv4iq47777zehjj35l9xk", "fields": {"session_data": "e30:1nxmo9:y7qt-5dhgDKlaZRjsNVI1VTQ7hfIOyjHywUCc0HQnGk", "expire_date": "2022-06-19T09:44:29.363Z"}}, {"model": "sessions.session", "pk": "znbu3pprdt3ngf58rof1jpv2zw5t67ln", "fields": {"session_data": "e30:1nxmc1:_WBL1AAcm8id7vdlfps0sWSy1CqIbstM5BQGktOzRUc", "expire_date": "2022-06-19T09:31:57.699Z"}}, {"model": "sites.site", "pk": 1, "fields": {"domain": "supercazzola.example.com", "name": "Supercazzola"}}, {"model": "account.emailaddress", "pk": 1, "fields": {"user": 1, "email": "admin@email.com", "verified": true, "primary": true}}, {"model": "account.emailaddress", "pk": 2, "fields": {"user": 4, "email": "viktoria.mahrberg@gmail.com", "verified": false, "primary": true}}, {"model": "products.category", "pk": 1, "fields": {"name": "white", "friendly_name": "White"}}, {"model": "products.category", "pk": 2, "fields": {"name": "red", "friendly_name": "Red"}}, {"model": "products.category", "pk": 3, "fields": {"name": "rose", "friendly_name": "Rosé"}}, {"model": "products.category", "pk": 4, "fields": {"name": "orange", "friendly_name": "Orange"}}, {"model": "products.product", "pk": 1, "fields": {"category": 1, "name": "Adam Fume 2019", "description": "Fume not friends, as a new edition of the cult classic Adam Fumé by winemaker Adam Mason (Previously Mulderbosch + Raised by Wolves, now DeMorgenzon) is here. Made in a fumé blanc style, meaning it’s a crispy white with a lick of deliciously smokey wood, this small-batch baby is one to be glugged.", "country": "South Africa", "alc": null, "price": "15.00", "image_url": null, "image": "PubAdamFume_b2PsmyH.jpeg"}}, {"model": "products.product", "pk": 2, "fields": {"category": 1, "name": "Elgin Ridge 282 Sauvignon Blanc 2017", "description": "Elgin Ridge wines are named after the altitude of the vineyard, namely 282 meters above sea level. This ensures the Atlantic breezes cool the grapes during the day creating balanced wines with good fruit, fine acidity and minerality. Our certified organic farm, produces excellent fruit, so minimal intervention is required in the cellar.", "country": "South Africa", "alc": null, "price": "11.00", "image_url": null, "image": "Elgin-ridge-282-sauvignon-blanc-1_ze7sndS.png"}}, {"model": "products.product", "pk": 3, "fields": {"category": 1, "name": "Alphabetical ‘Vin Blanc’ White 2018", "description": "A Roussanne based blend with a touch of Chardonnay. In the words of the Alphabetical duo: “If you’re after heavy wood and overripeness you’re looking at the wrong bottle. Instead, think of the most drinkable, fresh and lively wine you’ve tasted all year. Throw in some more adjectives of goodness and you’re almost there.“ Made with minimal intervention in the cellar, what you get is a white blend that is mineral yet fruity, fresh yet rich.", "country": "South Africa", "alc": null, "price": "15.00", "image_url": null, "image": "alphabeticalvinblanc_C9o29Cp.jpeg"}}, {"model": "products.product", "pk": 4, "fields": {"category": 1, "name": "Bringing Back the Joy Sauvignon Blanc 2020", "description": "The ripening season for the 2020 was a little bit cooler than the previous year, resulting in lower alcohol and higher acidity without compromising on fruit. Picked on the 1st of February, the grapes were fermented wholebunch for 7 days with one punch down per day after which it was pressed and taken to Zeppelin eggs and left to age. A very small amount of sulphur was added a few days before bottling in November.\r\n\r\nThe nose presents with aromas of red-skinned peanuts, green jalapeño skin and green figs. The palate is generous in its depth of flavour with a mineral core keeping the wine focussed. There is a great structure to the wine from the skin contact which adds complexity to it. A great pairing wine for Japanese cuisine.", "country": "South Africa", "alc": null, "price": "17.00", "image_url": null, "image": "bringing-back-the-joy_PghaCWd.png"}}, {"model": "products.product", "pk": 5, "fields": {"category": 3, "name": "Van Loggerenberg ‘Break a Leg’ Blanc de Noir 2021", "description": "100% Cinsaut Blanc de Noir from a 27 year old bush vines planted in the Helderberg area of Stellenbosch. These vines are farmed solely for the making of this wine, the close proximity to the ocean and constant sea breaze gives the wine a great salty finish and great focus on the palate.", "country": "South Africa", "alc": null, "price": "15.00", "image_url": null, "image": "VL-Break-a-Leg_i2QzwFR.png"}}, {"model": "products.product", "pk": 6, "fields": {"category": 2, "name": "Full Moon Grenache 2019", "description": "These wines are inspired by the light yet complex and textured wines grown on volcanic slopes of Mount Etna, Sicily. Since there’s no Nerello Cuppucio or Mascalese here in SA, Grenache is the next best thing and it works a charm. The grapes are from a farm of old bush vines outside Darling and were picked on 13 February: early enough to ensure a good, fresh tannin – but not quite as aggressive as the 2016 vintage(!). Grapes were handpicked, footstomped and fermented naturally.", "country": "South Africa", "alc": "12.5", "price": "23.00", "image_url": null, "image": "Full-Moon_GKhcS4E.png"}}, {"model": "products.product", "pk": 8, "fields": {"category": 2, "name": "Grenache 2021", "description": "The wine is light in colour and light bodied with a nose dominated by pomegranate and red summer berries such as wild strawberry, raspberries. The tannins are extremely soft and silky smooth. The wine was made to be enjoyed at release, but should improve with age for up to 3 years after. It is ideal to be enjoyed slightly chilled on its own or with aromatic foods, pizza, charcuterie and firm cheeses.", "country": "South Africa", "alc": null, "price": "16.00", "image_url": null, "image": "CapeRockGrenache2020.png"}}, {"model": "products.product", "pk": 9, "fields": {"category": 1, "name": "Jikken Bareru Chenin Blanc 2021", "description": "This vintage was crafted combining the best old dry land farmed bush vine Swartland Steen – a 1972 climate grown on decomposed granite with iron-stone, the other planted in 1983 on decomposed schists in the shadow of Kasteelberg – while the remainder is from old bush vines sites in Stellenbosch grown in decomposed granitic sandstone soils.", "country": "South Africa", "alc": null, "price": "11.00", "image_url": null, "image": "Fledge-Steen.png"}}, {"model": "products.product", "pk": 10, "fields": {"category": 4, "name": "Baby Bandito Stay Brave", "description": "The Baby Bandito wine are the entry into the world of Testalonga wines. The grapes for these wines come from younger vineyards (10-20 years old). As with the bigger El Bandito wines, winemaker Craig Hawkins refrains from any additives and technical gimmicks.\r\nBeautiful and interesting! Slightly smokey, mezcal, salty, orange blossom, quince, herbs, vanilla, minerals.", "country": "South Africa", "alc": "11.3", "price": "22.00", "image_url": null, "image": "stay_brave.png"}}, {"model": "products.product", "pk": 12, "fields": {"category": 1, "name": "Testing win3", "description": "Testingtes", "country": "sweden", "alc": null, "price": "21.00", "image_url": null, "image": "Elgin-ridge-282-sauvignon-blanc-1.png"}}, {"model": "checkout.order", "pk": 19, "fields": {"order_number": "61AEEE21AF0B478CA40D55172580C22F", "user_profile": null, "full_name": "Viktoria Ellinor Mahrberg", "email": "viktoria.mahrberg@gmail.com", "phone_number": "+46790790520", "street_address": "Nobelvägen 85B", "optional_address": null, "city": "Malmö", "postcode": "21433", "country": "SE", "date": "2022-06-03T11:58:48.347Z", "delivery_cost": "1.10", "order_total": "11.00", "grand_total": "12.10", "original_bag": "{\"2\": 1}", "stripe_pid": "pi_3L6Z8uLNFtsCYMEi1q99yj1L"}}, {"model": "checkout.order", "pk": 20, "fields": {"order_number": "D1BA604C75C3401DBBE78425ADE86D3B", "user_profile": null, "full_name": "Viktoria Mahrberg", "email": "viktoria.mahrberg@gmail.com", "phone_number": "0790790504", "street_address": "12 Via Santo Spirito", "optional_address": null, "city": "Firenze", "postcode": "50125", "country": "SE", "date": "2022-06-03T12:02:51.438Z", "delivery_cost": "1.50", "order_total": "15.00", "grand_total": "16.50", "original_bag": "{\"3\": 1}", "stripe_pid": "pi_3L6ZCnLNFtsCYMEi03bprjYU"}}, {"model": "checkout.order", "pk": 21, "fields": {"order_number": "03BF9B41199F4726974D8B244B13CF06", "user_profile": null, "full_name": "Viktoria Ellinor Mahrberg", "email": "viktoria.mahrberg@gmail.com", "phone_number": "+46790790520", "street_address": "Nobelvägen 85B", "optional_address": null, "city": "Malmö", "postcode": "21433", "country": "SE", "date": "2022-06-03T12:16:48.870Z", "delivery_cost": "1.50", "order_total": "15.00", "grand_total": "16.50", "original_bag": "{\"1\": 1}", "stripe_pid": "pi_3L6ZQOLNFtsCYMEi15dFk11I"}}, {"model": "checkout.order", "pk": 22, "fields": {"order_number": "E55A0B75660E4C8A9DFAA07B56FABA73", "user_profile": null, "full_name": "Viktoria Ellinor Mahrberg", "email": "viktoria.mahrberg@gmail.com", "phone_number": "+46790790520", "street_address": "Nobelvägen 85B", "optional_address": null, "city": "Malmö", "postcode": "21433", "country": "SE", "date": "2022-06-03T12:46:50.968Z", "delivery_cost": "0.00", "order_total": "116.00", "grand_total": "116.00", "original_bag": "{\"2\": 1, \"5\": 7}", "stripe_pid": "pi_3L6ZshLNFtsCYMEi0IS63hn9"}}, {"model": "checkout.order", "pk": 23, "fields": {"order_number": "49BACA4340C34C43984FDC2ED865ABEF", "user_profile": null, "full_name": "Viktoria Ellinor Mahrberg", "email": "viktoria.mahrberg@gmail.com", "phone_number": "+46790790520", "street_address": "Nobelvägen 85B", "optional_address": null, "city": "Malmö", "postcode": "21433", "country": "SE", "date": "2022-06-03T12:50:26.497Z", "delivery_cost": "2.30", "order_total": "23.00", "grand_total": "25.30", "original_bag": "{\"6\": 1}", "stripe_pid": "pi_3L6Zx7LNFtsCYMEi1AuYn0aq"}}, {"model": "checkout.order", "pk": 24, "fields": {"order_number": "1CB487D8061A4A2CB2A35AF7749FAA2B", "user_profile": null, "full_name": "Viktoria Ellinor Mahrberg", "email": "viktoria.mahrberg@gmail.com", "phone_number": "+46790790520", "street_address": "Nobelvägen 85B", "optional_address": null, "city": "Malmö", "postcode": "21433", "country": "SE", "date": "2022-06-03T13:04:36.308Z", "delivery_cost": "2.20", "order_total": "22.00", "grand_total": "24.20", "original_bag": "{\"10\": 1}", "stripe_pid": "pi_3L6aArLNFtsCYMEi0sHIosuI"}}, {"model": "checkout.order", "pk": 25, "fields": {"order_number": "62044FD38D4D4F158223B59F90BC8F32", "user_profile": null, "full_name": "Viktoria Ellinor Mahrberg", "email": "viktoria.mahrberg@gmail.com", "phone_number": "+46790790520", "street_address": "Nobelvägen 85B", "optional_address": null, "city": "Malmö", "postcode": "21433", "country": "SE", "date": "2022-06-05T11:24:34.685Z", "delivery_cost": "2.20", "order_total": "22.00", "grand_total": "24.20", "original_bag": "{\"10\": 1}", "stripe_pid": "pi_3L7HZALNFtsCYMEi1G3zeRie"}}, {"model": "checkout.order", "pk": 26, "fields": {"order_number": "2C43C36F334B4EC392102628922E7887", "user_profile": null, "full_name": "Viktoria Ellinor Mahrberg", "email": "viktoria.mahrberg@gmail.com", "phone_number": "+46790790520", "street_address": "Nobelvägen 85B", "optional_address": null, "city": "Malmö", "postcode": "21433", "country": "SE", "date": "2022-06-06T08:25:07.608Z", "delivery_cost": "2.20", "order_total": "22.00", "grand_total": "24.20", "original_bag": "{\"10\": 1}", "stripe_pid": "pi_3L7bEsLNFtsCYMEi0cHlr8ZB"}}, {"model": "checkout.order", "pk": 27, "fields": {"order_number": "D2EB6056EE734101BB96EE0FEF4AB091", "user_profile": null, "full_name": "Viktoria Mahrberg", "email": "viktoria.mahrberg@gmail.com", "phone_number": "+46790790520", "street_address": "12 Via Santo Spirito", "optional_address": null, "city": "Firenze", "postcode": "50125", "country": "IT", "date": "2022-06-06T09:11:48.233Z", "delivery_cost": "1.60", "order_total": "16.00", "grand_total": "17.60", "original_bag": "{\"8\": 1}", "stripe_pid": "pi_3L7byCLNFtsCYMEi00PiVXs0"}}, {"model": "checkout.order", "pk": 28, "fields": {"order_number": "CC7A552618A14AE988ED55E0B4981F1B", "user_profile": null, "full_name": "Viktoria Mahrberg", "email": "viktoria.mahrberg@gmail.com", "phone_number": "+46790790520", "street_address": "12 Via Santo Spirito", "optional_address": null, "city": "Firenze", "postcode": "50125", "country": "IT", "date": "2022-06-06T09:38:26.806Z", "delivery_cost": "4.40", "order_total": "44.00", "grand_total": "48.40", "original_bag": "{\"2\": 4}", "stripe_pid": "pi_3L7cNwLNFtsCYMEi1l4WcUWZ"}}, {"model": "checkout.order", "pk": 29, "fields": {"order_number": "CA3E7BCEE2D04801A02772A85D2223A0", "user_profile": null, "full_name": "Viktoria Ellinor Mahrberg", "email": "viktoria.mahrberg@gmail.com", "phone_number": "+46790790520", "street_address": "Nobelvägen 85B", "optional_address": null, "city": "Malmö", "postcode": "21433", "country": "SE", "date": "2022-06-06T10:23:28.578Z", "delivery_cost": "5.70", "order_total": "57.00", "grand_total": "62.70", "original_bag": "{\"2\": 1, \"6\": 2}", "stripe_pid": "pi_3L7d5LLNFtsCYMEi0Vcjzf4B"}}, {"model": "checkout.order", "pk": 30, "fields": {"order_number": "FC5AD193FA564A938F20B621D39DBAB6", "user_profile": 2, "full_name": "Viktoria Ellinor Mahrberg", "email": "viktoria.mahrberg@gmail.com", "phone_number": "+46790790520", "street_address": "Nobelvägen 85B", "optional_address": null, "city": "Malmö", "postcode": "21433", "country": "SE", "date": "2022-06-06T11:18:29.197Z", "delivery_cost": "8.40", "order_total": "84.00", "grand_total": "92.40", "original_bag": "{\"6\": 3, \"7\": 3, \"1\": 1}", "stripe_pid": "pi_3L7dwnLNFtsCYMEi0bkLk6Jq"}}, {"model": "checkout.order", "pk": 31, "fields": {"order_number": "C4231A94B8F74C5DB6F8A80B11421A95", "user_profile": 2, "full_name": "Viktoria Mahrberg", "email": "viktoria.mahrberg@gmail.com", "phone_number": "1111111111", "street_address": "12 Via Santo Spirito", "optional_address": null, "city": "Firenze", "postcode": "50125", "country": "IT", "date": "2022-06-06T11:57:18.756Z", "delivery_cost": "1.60", "order_total": "16.00", "grand_total": "17.60", "original_bag": "{\"8\": 1}", "stripe_pid": "pi_3L7eY3LNFtsCYMEi0crJg7tE"}}, {"model": "checkout.order", "pk": 32, "fields": {"order_number": "EF9B5B575A6D4EB38752062F645C57DE", "user_profile": 2, "full_name": "Viktoria Ellinor Mahrberg", "email": "viktoria.mahrberg@gmail.com", "phone_number": "+46790790520", "street_address": "Nobelvägen 85B", "optional_address": null, "city": "Malmö", "postcode": "21433", "country": "SE", "date": "2022-06-06T12:39:05.965Z", "delivery_cost": "1.60", "order_total": "16.00", "grand_total": "17.60", "original_bag": "{\"8\": 1}", "stripe_pid": "pi_3L7fChLNFtsCYMEi0IpX049l"}}, {"model": "checkout.order", "pk": 33, "fields": {"order_number": "FBDBB33D183D423988482E8CFF9DE64C", "user_profile": 2, "full_name": "Viktoria Ellinor Mahrberg", "email": "viktoria.mahrberg@gmail.com", "phone_number": "+46790790520", "street_address": "Nobelvägen 85B", "optional_address": null, "city": "Malmö", "postcode": "21433", "country": "SE", "date": "2022-06-06T12:41:36.900Z", "delivery_cost": "1.10", "order_total": "11.00", "grand_total": "12.10", "original_bag": "{\"9\": 1}", "stripe_pid": "pi_3L7fFGLNFtsCYMEi1pnaDA5w"}}, {"model": "checkout.order", "pk": 34, "fields": {"order_number": "A9772792EAA0438DBD7DE0943CB49650", "user_profile": 2, "full_name": "Viktoria Ellinor Mahrberg", "email": "viktoria.mahrberg@gmail.com", "phone_number": "+46790790520", "street_address": "Nobelvägen 85B", "optional_address": null, "city": "Malmö", "postcode": "21433", "country": "SE", "date": "2022-06-07T11:07:51.639Z", "delivery_cost": "3.20", "order_total": "32.00", "grand_total": "35.20", "original_bag": "{\"8\": 2}", "stripe_pid": "pi_3L80FqLNFtsCYMEi0dI2fTY0"}}, {"model": "checkout.orderlineitem", "pk": 28, "fields": {"order": 19, "product": 2, "quantity": 1, "lineitem_total": "11.00"}}, {"model": "checkout.orderlineitem", "pk": 29, "fields": {"order": 20, "product": 3, "quantity": 1, "lineitem_total": "15.00"}}, {"model": "checkout.orderlineitem", "pk": 30, "fields": {"order": 21, "product": 1, "quantity": 1, "lineitem_total": "15.00"}}, {"model": "checkout.orderlineitem", "pk": 31, "fields": {"order": 22, "product": 2, "quantity": 1, "lineitem_total": "11.00"}}, {"model": "checkout.orderlineitem", "pk": 32, "fields": {"order": 22, "product": 5, "quantity": 7, "lineitem_total": "105.00"}}, {"model": "checkout.orderlineitem", "pk": 33, "fields": {"order": 23, "product": 6, "quantity": 1, "lineitem_total": "23.00"}}, {"model": "checkout.orderlineitem", "pk": 34, "fields": {"order": 24, "product": 10, "quantity": 1, "lineitem_total": "22.00"}}, {"model": "checkout.orderlineitem", "pk": 35, "fields": {"order": 25, "product": 10, "quantity": 1, "lineitem_total": "22.00"}}, {"model": "checkout.orderlineitem", "pk": 36, "fields": {"order": 26, "product": 10, "quantity": 1, "lineitem_total": "22.00"}}, {"model": "checkout.orderlineitem", "pk": 37, "fields": {"order": 27, "product": 8, "quantity": 1, "lineitem_total": "16.00"}}, {"model": "checkout.orderlineitem", "pk": 38, "fields": {"order": 28, "product": 2, "quantity": 4, "lineitem_total": "44.00"}}, {"model": "checkout.orderlineitem", "pk": 39, "fields": {"order": 29, "product": 2, "quantity": 1, "lineitem_total": "11.00"}}, {"model": "checkout.orderlineitem", "pk": 40, "fields": {"order": 29, "product": 6, "quantity": 2, "lineitem_total": "46.00"}}, {"model": "checkout.orderlineitem", "pk": 41, "fields": {"order": 30, "product": 6, "quantity": 3, "lineitem_total": "69.00"}}, {"model": "checkout.orderlineitem", "pk": 43, "fields": {"order": 30, "product": 1, "quantity": 1, "lineitem_total": "15.00"}}, {"model": "checkout.orderlineitem", "pk": 44, "fields": {"order": 31, "product": 8, "quantity": 1, "lineitem_total": "16.00"}}, {"model": "checkout.orderlineitem", "pk": 45, "fields": {"order": 32, "product": 8, "quantity": 1, "lineitem_total": "16.00"}}, {"model": "checkout.orderlineitem", "pk": 46, "fields": {"order": 33, "product": 9, "quantity": 1, "lineitem_total": "11.00"}}, {"model": "checkout.orderlineitem", "pk": 47, "fields": {"order": 34, "product": 8, "quantity": 2, "lineitem_total": "32.00"}}, {"model": "profiles.userprofile", "pk": 2, "fields": {"user": 1, "default_phone_number": "+46790790520", "default_street_address": "Nobelvägen 86", "default_optional_address": null, "default_city": "Malmö", "default_postcode": "21433", "default_country": "SE"}}, {"model": "profiles.userprofile", "pk": 3, "fields": {"user": 4, "default_phone_number": null, "default_street_address": null, "default_optional_address": null, "default_city": null, "default_postcode": null, "default_country": null}}, {"model": "wishlist.wishlist", "pk": 1, "fields": {"user": 1}}, {"model": "wishlist.wishlistitem", "pk": 17, "fields": {"product": 2, "wishlist": 1}}, {"model": "wishlist.wishlistitem", "pk": 18, "fields": {"product": 1, "wishlist": 1}}]